timestamp,subdomain,ip
2025-05-01T00:00:00,api.secpen.org,203.0.7.190
2025-05-02T01:00:00,www.secpen.org,203.0.63.58
2025-05-03T02:00:00,mail.secpen.org,203.0.189.27
2025-05-04T03:00:00,api.secpen.org,203.0.152.109
2025-05-05T04:00:00,cdn.secpen.org,203.0.8.24
2025-05-06T05:00:00,vpn.secpen.org,203.0.60.130
2025-05-07T06:00:00,cdn.secpen.org,203.0.144.51
2025-05-08T07:00:00,login.secpen.org,203.0.57.115
2025-05-09T08:00:00,www.secpen.org,203.0.208.223
2025-05-10T09:00:00,cdn.secpen.org,203.0.195.207
2025-05-11T10:00:00,mail.secpen.org,203.0.179.109
2025-05-12T11:00:00,portal.secpen.org,203.0.72.40
2025-05-13T12:00:00,vpn.secpen.org,203.0.246.196
2025-05-14T13:00:00,portal.secpen.org,203.0.27.24
2025-05-15T14:00:00,login.secpen.org,203.0.25.92
2025-05-16T15:00:00,portal.secpen.org,203.0.155.68
2025-05-17T16:00:00,cdn.secpen.org,203.0.187.118
2025-05-18T17:00:00,api.secpen.org,203.0.250.237
2025-05-19T18:00:00,login.secpen.org,203.0.21.142
2025-05-20T19:00:00,www.secpen.org,203.0.213.161
2025-05-21T20:00:00,portal.secpen.org,203.0.148.50
2025-05-22T21:00:00,api.secpen.org,203.0.12.170
2025-05-23T22:00:00,vpn.secpen.org,203.0.198.75
2025-05-24T23:00:00,api.secpen.org,203.0.219.60
2025-05-25T00:00:00,api.secpen.org,203.0.98.72
2025-05-26T01:00:00,backup.secpen.org,203.0.163.214
2025-05-27T02:00:00,portal.secpen.org,203.0.42.95
2025-05-28T03:00:00,portal.secpen.org,203.0.54.172
2025-05-29T04:00:00,www.secpen.org,203.0.180.240
2025-05-30T05:00:00,api.secpen.org,203.0.156.163
2025-05-01T06:00:00,mail.secpen.org,203.0.137.187
2025-05-02T07:00:00,vpn.secpen.org,203.0.42.119
2025-05-03T08:00:00,login.secpen.org,203.0.70.254
2025-05-04T09:00:00,vpn.secpen.org,203.0.176.84
2025-05-05T10:00:00,cdn.secpen.org,203.0.59.211
2025-05-06T11:00:00,cdn.secpen.org,203.0.207.81
2025-05-07T12:00:00,login.secpen.org,203.0.69.17
2025-05-08T13:00:00,vpn.secpen.org,203.0.234.242
2025-05-09T14:00:00,portal.secpen.org,203.0.55.168
2025-05-10T15:00:00,backup.secpen.org,203.0.102.227
2025-05-11T16:00:00,backup.secpen.org,203.0.37.68
2025-05-12T17:00:00,mail.secpen.org,203.0.64.191
2025-05-13T18:00:00,www.secpen.org,203.0.192.150
2025-05-14T19:00:00,login.secpen.org,203.0.230.150
2025-05-15T20:00:00,login.secpen.org,203.0.93.57
2025-05-16T21:00:00,mail.secpen.org,203.0.131.127
2025-05-17T22:00:00,api.secpen.org,203.0.194.13
2025-05-18T23:00:00,api.secpen.org,203.0.40.161
2025-05-19T00:00:00,mail.secpen.org,203.0.203.175
2025-05-20T01:00:00,login.secpen.org,203.0.153.17
2025-05-21T02:00:00,login.secpen.org,203.0.98.153
2025-05-22T03:00:00,backup.secpen.org,203.0.136.65
2025-05-23T04:00:00,cdn.secpen.org,203.0.175.185
2025-05-24T05:00:00,api.secpen.org,203.0.175.227
2025-05-25T06:00:00,www.secpen.org,203.0.197.165
2025-05-26T07:00:00,portal.secpen.org,203.0.29.76
2025-05-27T08:00:00,login.secpen.org,203.0.41.117
2025-05-28T09:00:00,cdn.secpen.org,203.0.245.185
2025-05-29T10:00:00,www.secpen.org,203.0.249.129
2025-05-30T11:00:00,mail.secpen.org,203.0.130.234
2025-05-01T12:00:00,api.secpen.org,203.0.223.161
2025-05-02T13:00:00,www.secpen.org,203.0.216.164
2025-05-03T14:00:00,vpn.secpen.org,203.0.40.96
2025-05-04T15:00:00,mail.secpen.org,203.0.139.245
2025-05-05T16:00:00,cdn.secpen.org,203.0.154.83
2025-05-06T17:00:00,backup.secpen.org,203.0.5.29
2025-05-07T18:00:00,portal.secpen.org,203.0.225.253
2025-05-08T19:00:00,www.secpen.org,203.0.62.15
2025-05-09T20:00:00,vpn.secpen.org,203.0.225.146
2025-05-10T21:00:00,api.secpen.org,203.0.22.188
2025-05-11T22:00:00,backup.secpen.org,203.0.209.18
2025-05-12T23:00:00,mail.secpen.org,203.0.33.169
2025-05-13T00:00:00,backup.secpen.org,203.0.243.141
2025-05-14T01:00:00,support-hackorn.secpen.org,192.168.43.68
2025-05-15T02:00:00,login.secpen.org,203.0.247.55
2025-05-16T03:00:00,vpn.secpen.org,203.0.183.80
2025-05-17T04:00:00,login.secpen.org,203.0.255.172
2025-05-18T05:00:00,portal.secpen.org,203.0.113.231
2025-05-19T06:00:00,backup.secpen.org,203.0.31.64
2025-05-20T07:00:00,vpn.secpen.org,203.0.17.87
2025-05-21T08:00:00,cdn.secpen.org,203.0.151.142
2025-05-22T09:00:00,vpn.secpen.org,203.0.151.57
2025-05-23T10:00:00,cdn.secpen.org,203.0.19.182
2025-05-24T11:00:00,cdn.secpen.org,203.0.59.18
2025-05-25T12:00:00,cdn.secpen.org,203.0.221.85
2025-05-26T13:00:00,api.secpen.org,203.0.132.61
2025-05-27T14:00:00,www.secpen.org,203.0.172.125
2025-05-28T15:00:00,vpn.secpen.org,203.0.139.34
2025-05-29T16:00:00,backup.secpen.org,203.0.63.201
2025-05-30T17:00:00,backup.secpen.org,203.0.207.105
2025-05-01T18:00:00,vpn.secpen.org,203.0.25.25
2025-05-02T19:00:00,login.secpen.org,203.0.91.109
2025-05-03T20:00:00,login.secpen.org,203.0.120.222
2025-05-04T21:00:00,cdn.secpen.org,203.0.173.168
2025-05-05T22:00:00,api.secpen.org,203.0.16.104
2025-05-06T23:00:00,portal.secpen.org,203.0.205.221
2025-05-07T00:00:00,api.secpen.org,203.0.64.50
2025-05-08T01:00:00,vpn.secpen.org,203.0.138.115
2025-05-09T02:00:00,mail.secpen.org,203.0.109.47
2025-05-10T03:00:00,www.secpen.org,203.0.119.64
2025-05-11T04:00:00,api.secpen.org,203.0.114.207
2025-05-12T05:00:00,api.secpen.org,203.0.13.167
2025-05-13T06:00:00,cdn.secpen.org,203.0.249.24
2025-05-14T07:00:00,vpn.secpen.org,203.0.43.105
2025-05-15T08:00:00,backup.secpen.org,203.0.124.55
2025-05-16T09:00:00,login.secpen.org,203.0.232.16
2025-05-17T10:00:00,mail.secpen.org,203.0.98.1
2025-05-18T11:00:00,login.secpen.org,203.0.68.238
2025-05-19T12:00:00,backup.secpen.org,203.0.74.109
2025-05-20T13:00:00,backup.secpen.org,203.0.40.49
2025-05-21T14:00:00,www.secpen.org,203.0.56.248
2025-05-22T15:00:00,cdn.secpen.org,203.0.149.189
2025-05-23T16:00:00,cdn.secpen.org,203.0.192.81
2025-05-24T17:00:00,cdn.secpen.org,203.0.13.150
2025-05-25T18:00:00,backup.secpen.org,203.0.129.236
2025-05-26T19:00:00,mail.secpen.org,203.0.15.246
2025-05-27T20:00:00,api.secpen.org,203.0.218.48
2025-05-28T21:00:00,api.secpen.org,203.0.153.18
2025-05-29T22:00:00,vpn.secpen.org,203.0.104.31
2025-05-30T23:00:00,vpn.secpen.org,203.0.149.153
2025-05-01T00:00:00,cdn.secpen.org,203.0.159.21
2025-05-02T01:00:00,login.secpen.org,203.0.169.150
2025-05-03T02:00:00,portal.secpen.org,203.0.240.67
2025-05-04T03:00:00,vpn.secpen.org,203.0.172.184
2025-05-05T04:00:00,portal.secpen.org,203.0.62.68
2025-05-06T05:00:00,login.secpen.org,203.0.34.172
2025-05-07T06:00:00,www.secpen.org,203.0.118.81
2025-05-08T07:00:00,api.secpen.org,203.0.3.118
2025-05-09T08:00:00,api.secpen.org,203.0.19.138
2025-05-10T09:00:00,vpn.secpen.org,203.0.130.68
2025-05-11T10:00:00,mail.secpen.org,203.0.239.90
2025-05-12T11:00:00,api.secpen.org,203.0.226.63
2025-05-13T12:00:00,portal.secpen.org,203.0.73.41
2025-05-14T13:00:00,backup.secpen.org,203.0.214.140
2025-05-15T14:00:00,www.secpen.org,203.0.157.252
2025-05-16T15:00:00,cdn.secpen.org,203.0.171.210
2025-05-17T16:00:00,www.secpen.org,203.0.239.170
2025-05-18T17:00:00,api.secpen.org,203.0.241.225
2025-05-19T18:00:00,mail.secpen.org,203.0.68.30
2025-05-20T19:00:00,api.secpen.org,203.0.191.142
2025-05-21T20:00:00,mail.secpen.org,203.0.70.73
2025-05-22T21:00:00,vpn.secpen.org,203.0.184.88
2025-05-23T22:00:00,vpn.secpen.org,203.0.176.163
2025-05-24T23:00:00,www.secpen.org,203.0.130.126
2025-05-25T00:00:00,www.secpen.org,203.0.232.233
2025-05-26T01:00:00,cdn.secpen.org,203.0.24.163
2025-05-27T02:00:00,login.secpen.org,203.0.213.71
2025-05-28T03:00:00,cdn.secpen.org,203.0.1.86
2025-05-29T04:00:00,mail.secpen.org,203.0.164.251
2025-05-30T05:00:00,www.secpen.org,203.0.42.190
2025-05-01T06:00:00,backup.secpen.org,203.0.142.181
2025-05-02T07:00:00,login.secpen.org,203.0.144.3
2025-05-03T08:00:00,api.secpen.org,203.0.20.242
2025-05-04T09:00:00,mail.secpen.org,203.0.140.10
2025-05-05T10:00:00,portal.secpen.org,203.0.150.142
2025-05-06T11:00:00,mail.secpen.org,203.0.111.33
2025-05-07T12:00:00,cdn.secpen.org,203.0.79.94
2025-05-08T13:00:00,cdn.secpen.org,203.0.231.92
2025-05-09T14:00:00,vpn.secpen.org,203.0.175.64
2025-05-10T15:00:00,api.secpen.org,203.0.91.200
2025-05-11T16:00:00,login.secpen.org,203.0.250.159
2025-05-12T17:00:00,mail.secpen.org,203.0.237.239
2025-05-13T18:00:00,vpn.secpen.org,203.0.222.42
2025-05-14T19:00:00,mail.secpen.org,203.0.226.106
2025-05-15T20:00:00,cdn.secpen.org,203.0.46.189
2025-05-16T21:00:00,portal.secpen.org,203.0.201.239
2025-05-17T22:00:00,login.secpen.org,203.0.206.172
2025-05-18T23:00:00,vpn.secpen.org,203.0.69.41
2025-05-19T00:00:00,api.secpen.org,203.0.98.224
2025-05-20T01:00:00,cdn.secpen.org,203.0.220.121
2025-05-21T02:00:00,vpn.secpen.org,203.0.52.210
2025-05-22T03:00:00,backup.secpen.org,203.0.90.79
2025-05-23T04:00:00,vpn.secpen.org,203.0.58.7
2025-05-24T05:00:00,vpn.secpen.org,203.0.103.85
2025-05-25T06:00:00,www.secpen.org,203.0.222.18
2025-05-26T07:00:00,www.secpen.org,203.0.90.165
2025-05-27T08:00:00,login.secpen.org,203.0.174.252
2025-05-28T09:00:00,portal.secpen.org,203.0.241.8
2025-05-29T10:00:00,api.secpen.org,203.0.225.249
2025-05-30T11:00:00,www.secpen.org,203.0.46.149
2025-05-01T12:00:00,www.secpen.org,203.0.10.28
2025-05-02T13:00:00,login.secpen.org,203.0.89.187
2025-05-03T14:00:00,portal.secpen.org,203.0.112.156
2025-05-04T15:00:00,api.secpen.org,203.0.99.231
2025-05-05T16:00:00,vpn.secpen.org,203.0.66.12
2025-05-06T17:00:00,login.secpen.org,203.0.1.134
2025-05-07T18:00:00,vpn.secpen.org,203.0.94.111
2025-05-08T19:00:00,api.secpen.org,203.0.243.171
2025-05-09T20:00:00,portal.secpen.org,203.0.160.81
2025-05-10T21:00:00,api.secpen.org,203.0.185.231
2025-05-11T22:00:00,www.secpen.org,203.0.130.80
2025-05-12T23:00:00,login.secpen.org,203.0.84.104
2025-05-13T00:00:00,www.secpen.org,203.0.142.33
2025-05-14T01:00:00,vpn.secpen.org,203.0.108.171
2025-05-15T02:00:00,login.secpen.org,203.0.174.192
2025-05-16T03:00:00,mail.secpen.org,203.0.158.146
2025-05-17T04:00:00,www.secpen.org,203.0.104.141
2025-05-18T05:00:00,cdn.secpen.org,203.0.78.74
2025-05-19T06:00:00,vpn.secpen.org,203.0.111.202
2025-05-20T07:00:00,portal.secpen.org,203.0.120.114
